trade_id,symbol,set,direction,entry_ts,entry_equity,entry_price,fill_entry,size,entry_fee,initial_sl,tp1,tp2,tp3,planned_r,exit_ts,exit_price,fill_exit,exit_reason,exit_fee,net_pnl,realized_r,mfe_r,mae_r,trailing_phase
BTC/USDT_Set 3_1,BTC/USDT,Set 3,LONG,1690185600,10000.00,29828.0000,29838.4398,0.501149,11.2151,29693.9327,30099.5800,31804.2000,31804.2000,14.74,1690192800,30322.7674,30312.1544,SL,11.3932,214.79,2.1479,0.0339,6.1760,1
BTC/USDT_Set 4_1,BTC/USDT,Set 4,SHORT,1504783800,10000.00,4625.3500,4623.7311,2.519323,8.7365,4654.8350,4557.8900,3603.0000,4335.2600,9.84,1504789200,4447.0518,4448.6082,SL,8.4056,424.05,4.2405,1.7412,2.7193,1
BTC/USDT_Set 4_2,BTC/USDT,Set 4,SHORT,1514566800,10424.05,14596.0000,14590.8914,0.348068,3.8090,14863.0776,14204.9900,13190.0000,11640.0000,11.07,1514920500,14837.4784,14842.6715,SL,3.8747,-95.32,-0.9144,10.6561,1.2719,4
BTC/USDT_Set 4_3,BTC/USDT,Set 4,SHORT,1535058900,10328.73,6470.1200,6467.8555,4.522725,21.9392,6478.7137,6325.0000,6389.3500,6228.0000,28.17,1535059800,6478.7137,6480.9812,SL,21.9838,-103.29,-1.0000,1.5826,2.0806,1
BTC/USDT_Set 4_4,BTC/USDT,Set 4,LONG,1591467300,10225.44,9619.9500,9623.3170,1.845547,13.3202,9585.6702,9666.5900,9755.8200,10190.0000,16.63,1591519500,9585.6702,9582.3152,SL,13.2635,-102.25,-1.0000,3.2028,1.8947,2
BTC/USDT_Set 4_5,BTC/USDT,Set 4,SHORT,1599927300,10123.19,10361.9300,10358.3033,1.834703,14.2533,10394.2743,10269.2500,10267.6700,10070.8300,9.00,1599934500,10290.6060,10294.2077,SL,14.1651,89.18,0.8809,0.2501,2.2975,1
BTC/USDT_Set 4_6,BTC/USDT,Set 4,SHORT,1642319100,10212.37,43227.9700,43212.8402,0.264518,8.5729,43518.6225,42925.8800,42777.0000,39650.0000,12.31,1642691700,43414.8452,43430.0404,SL,8.6160,-74.64,-0.7309,7.1887,0.8499,4
BTC/USDT_Set 4_7,BTC/USDT,Set 4,LONG,1664586900,10137.72,19389.0800,19395.8662,0.546320,7.9473,19246.0150,19768.1900,20185.0000,20385.8600,6.97,1664623800,19481.2962,19474.4778,SL,7.9795,27.02,0.2665,0.3472,1.6053,1
BTC/USDT_Set 4_8,BTC/USDT,Set 4,SHORT,1711203300,10164.74,64548.0000,64525.4082,0.332745,16.1029,64711.2964,63536.3000,63000.0000,62022.0000,15.47,1711204200,63733.9543,63756.2612,SL,15.9109,223.92,2.2029,0.9832,2.0821,1
BTC/USDT_Set 4_9,BTC/USDT,Set 4,LONG,1768259700,10388.66,91160.0700,91191.9760,0.148892,10.1833,90662.3454,91441.3400,92519.9500,94444.4400,6.60,1768336200,94444.4400,94411.3844,TP3,10.5429,458.62,4.4146,6.7104,0.2359,2
BTC/USDT_Set 6_1,BTC/USDT,Set 6,SHORT,1787777280,10000.00,78399.5300,78372.0902,0.455346,26.7648,78446.6126,78391.9900,77858.0000,77858.0000,11.50,1787777760,78446.6126,78474.0689,SL,26.7996,-100.00,-1.0000,0.2449,1.1144,2
ETH/USDT_Set 4_1,ETH/USDT,Set 4,SHORT,1505099700,10000.00,296.3600,296.2563,12.782948,2.8403,303.5230,285.2100,283.0000,235.5500,8.49,1505100600,303.5230,303.6293,SL,2.9110,-100.00,-1.0000,0.4872,1.2034,1
ETH/USDT_Set 4_2,ETH/USDT,Set 4,SHORT,1512969300,9900.00,453.1200,452.9614,23.807466,8.0879,456.2780,442.0700,423.0100,375.0100,24.73,1512972900,431.0245,431.1753,SL,7.6989,502.88,5.0796,0.9088,2.1754,1
ETH/USDT_Set 4_3,ETH/USDT,Set 4,LONG,1566713700,10402.88,188.4500,188.5160,55.528315,7.8510,186.9895,189.1800,192.6100,203.5900,10.37,1566743400,186.9895,186.9241,SL,7.7847,-104.03,-1.0000,2.7046,1.2736,2
ETH/USDT_Set 4_4,ETH/USDT,Set 4,SHORT,1592381700,10298.86,234.5400,234.4579,54.713548,9.6210,235.9048,234.2700,220.3000,218.2700,11.92,1592400600,235.9048,235.9874,SL,9.6838,-102.99,-1.0000,0.9232,2.0222,2
ETH/USDT_Set 4_5,ETH/USDT,Set 4,LONG,1630288800,10195.87,3205.3700,3206.4919,3.795145,9.1268,3185.5344,3258.3700,3285.0000,3357.8500,7.69,1630294200,3258.4364,3257.2959,SL,9.2714,174.41,1.7106,0.5818,1.7832,1
ETH/USDT_Set 4_6,ETH/USDT,Set 4,SHORT,1642320900,10370.28,3330.3300,3329.1644,3.869374,9.6613,3349.7828,3303.6600,3188.0000,3075.4800,13.10,1642341600,3349.7828,3350.9552,SL,9.7246,-103.70,-1.0000,3.1209,1.0112,2
ETH/USDT_Set 4_7,ETH/USDT,Set 4,SHORT,1665944100,10266.58,1283.6100,1283.1607,10.050314,9.6721,1290.9931,1263.6400,1279.3000,1190.0000,12.68,1665949500,1276.2819,1276.7286,SL,9.6236,45.35,0.4417,0.2763,2.4746,1
ETH/USDT_Set 4_8,ETH/USDT,Set 4,LONG,1700568900,10311.92,2007.5100,2008.2126,10.171539,15.3200,2001.7822,2033.5000,2034.6000,2118.0000,19.29,1700576100,2027.6876,2026.9779,SL,15.4631,160.09,1.5525,1.3478,3.0535,1
ETH/USDT_Set 4_9,ETH/USDT,Set 4,SHORT,1723846500,10472.01,2600.2200,2599.3099,1.939996,3.7820,2648.4260,2611.4000,2550.0400,2309.0400,6.04,1723975200,2648.4260,2649.3530,SL,3.8548,-104.72,-1.0000,0.2742,1.4370,2
ETH/USDT_Set 6_1,ETH/USDT,Set 6,SHORT,1785591540,10000.00,1868.8500,1868.1959,21.019402,29.4513,1869.4953,1868.6900,1866.4200,1860.9500,12.24,1785592680,1869.4953,1870.1497,SL,29.4821,-100.00,-1.0000,2.0300,1.0537,2
SOL/USDT_Set 2_1,SOL/USDT,Set 2,LONG,1650729600,10000.00,102.1400,102.1757,12.931308,0.9909,94.6233,110.0000,143.5100,204.7500,13.65,1650873600,94.6233,94.5902,SL,0.9174,-100.00,-1.0000,0.1011,1.0403,1
SOL/USDT_Set 2_2,SOL/USDT,Set 2,LONG,1751716800,9900.00,148.1800,148.2319,14.481860,1.6100,141.6627,148.5600,179.4100,295.8300,22.66,1762300800,146.7573,146.7059,SL,1.5934,-25.30,-0.2556,16.1616,0.3575,4
SOL/USDT_Set 3_1,SOL/USDT,Set 3,LONG,1751929200,10000.00,148.4700,148.5220,87.376404,9.7330,147.6513,151.0700,153.8800,179.4100,37.79,1752800400,179.4100,179.3472,TP3,11.7530,2671.91,26.7191,38.3760,0.7573,4
SOL/USDT_Set 4_1,SOL/USDT,Set 4,LONG,1616197500,10000.00,14.1041,14.1090,830.091456,8.7838,14.0146,14.2280,14.7500,15.0457,10.52,1616293800,14.0401,14.0352,SL,8.7379,-78.78,-0.7878,9.7746,0.7159,4
