asset,set,status,param,atr,tgt,dev_n,dev_exp,val_n,val_exp,oos_n,oos_exp
BTC/USDT,SET_1,MEASURED,BREAKOUT_50,2.0,3.0,38,0.7418,13,0.3981,10,0.8074
BTC/USDT,SET_2,MEASURED,BREAKOUT_50,2.5,3.0,171,0.3272,55,0.22,58,-0.0476
BTC/USDT,SET_3,MEASURED,TREND_PULLBACK_F,3.0,3.0,1224,0.0529,443,-0.091,433,-0.0792
BTC/USDT,SET_4,MEASURED,SUPERTREND,3.0,2.5,3910,-0.0796,1459,-0.2001,1457,-0.2037
BTC/USDT,SET_5,MEASURED,RANGE_50,3.0,2.0,819,-0.3058,279,-0.3314,311,-0.4884
BTC/USDT,SET_6,MEASURED,TREND_PULLBACK_F,3.0,1.5,1019,-0.7221,292,-0.544,353,-0.6273
ETH/USDT,SET_1,MEASURED,BREAKOUT_50,2.0,3.0,32,0.7548,14,0.1922,12,0.3904
ETH/USDT,SET_2,MEASURED,BREAKOUT_50,2.0,3.0,180,0.3825,63,0.0899,63,-0.0936
ETH/USDT,SET_3,MEASURED,BREAKOUT_50,3.0,3.0,636,0.1024,203,-0.0055,209,0.063
ETH/USDT,SET_4,MEASURED,BREAKOUT_50,3.0,3.0,2184,0.0044,745,-0.1549,739,-0.0928
ETH/USDT,SET_5,MEASURED,RANGE_50,3.0,2.0,786,-0.2299,253,-0.2268,265,-0.3866
ETH/USDT,SET_6,MEASURED,RANGE_50,3.0,3.0,802,-0.6465,213,-0.3785,253,-0.4938
SOL/USDT,SET_1,MEASURED,BREAKOUT_20,1.5,3.0,38,0.6953,8,0.2736,14,-0.1699
SOL/USDT,SET_2,MEASURED,BREAKOUT_20,2.0,3.0,165,0.3879,60,-0.0657,59,-0.0128
SOL/USDT,SET_3,MEASURED,TREND_PULLBACK_F,3.0,3.0,837,0.0571,293,0.0529,267,-0.0433
SOL/USDT,SET_4,MEASURED,BREAKOUT_50,3.0,2.5,551,0.0483,180,0.0358,161,-0.0724
SOL/USDT,SET_5,MEASURED,RANGE_50,3.0,2.0,760,-0.1902,249,-0.2011,269,-0.2834
SOL/USDT,SET_6,MEASURED,SUPERTREND,3.0,3.0,662,-0.5327,218,-0.2645,215,-0.4067
BNB/USDT,SET_1,MEASURED,BREAKOUT_20,3.0,3.0,36,0.5796,16,0.2949,12,0.3105
BNB/USDT,SET_2,MEASURED,BREAKOUT_50,2.0,2.5,166,0.4084,66,0.0979,64,0.0628
BNB/USDT,SET_3,MEASURED,BREAKOUT_50,2.5,3.0,411,0.0074,164,-0.1719,153,-0.0687
BNB/USDT,SET_4,MEASURED,BREAKOUT_20,3.0,2.5,514,-0.0849,175,-0.1046,178,-0.3186
BNB/USDT,SET_5,MEASURED,BREAKOUT_50,3.0,2.5,87,-0.1885,33,-0.1405,29,-0.5722
BNB/USDT,SET_6,MEASURED,TREND_PULLBACK_F,3.0,3.0,187,-0.493,69,-0.5772,68,-0.6255
XRP/USDT,SET_1,MEASURED,RANGE_50,2.5,3.0,59,0.302,19,0.0182,18,0.4144
XRP/USDT,SET_2,MEASURED,BREAKOUT_50,3.0,3.0,109,0.2281,44,0.0013,49,-0.0151
XRP/USDT,SET_3,MEASURED,SUPERTREND,3.0,3.0,798,-0.0258,265,0.0183,275,-0.0944
XRP/USDT,SET_4,MEASURED,BREAKOUT_20,3.0,2.5,508,-0.0475,165,-0.1115,172,-0.2055
XRP/USDT,SET_5,MEASURED,BREAKOUT_50,3.0,2.0,91,-0.1071,21,-0.4443,35,-0.22
XRP/USDT,SET_6,MEASURED,BREAKOUT_50,3.0,2.0,126,-0.4338,47,-0.276,41,-0.5348
ADA/USDT,SET_1,MEASURED,SUPERTREND,3.0,3.0,48,0.3,20,-0.2578,17,-0.2181
ADA/USDT,SET_2,MEASURED,BREAKOUT_50,2.0,3.0,149,0.418,51,0.0317,56,0.2822
ADA/USDT,SET_3,MEASURED,BREAKOUT_50,2.5,3.0,387,0.133,153,0.0619,143,-0.0281
ADA/USDT,SET_4,MEASURED,TREND_PULLBACK_F,2.5,3.0,693,-0.0711,218,-0.1265,231,-0.0892
ADA/USDT,SET_5,MEASURED,BREAKOUT_50,3.0,3.0,72,0.0411,29,-0.4917,21,-0.1997
ADA/USDT,SET_6,MEASURED,RANGE_50,3.0,2.0,239,-0.3727,78,-0.3957,71,-0.1553
DOGE/USDT,SET_1,MEASURED,BREAKOUT_20,2.0,2.5,32,0.2984,14,0.2248,13,0.6391
DOGE/USDT,SET_2,MEASURED,BREAKOUT_50,2.0,2.5,111,0.3827,61,0.1374,41,0.0405
DOGE/USDT,SET_3,MEASURED,TREND_PULLBACK_F,3.0,3.0,808,0.0078,262,0.1642,267,-0.0808
DOGE/USDT,SET_4,MEASURED,BREAKOUT_20,2.5,2.5,549,0.0119,187,-0.1166,187,-0.2718
DOGE/USDT,SET_5,MEASURED,BREAKOUT_50,3.0,3.0,75,-0.0279,25,-0.3363,24,-0.3699
DOGE/USDT,SET_6,MEASURED,RANGE_50,3.0,2.5,202,-0.391,79,-0.5574,67,-0.152
AVAX/USDT,SET_1,MEASURED,SUPERTREND,3.0,2.0,43,0.2437,15,-0.4748,15,0.0676
AVAX/USDT,SET_2,MEASURED,BREAKOUT_50,2.5,3.0,101,0.355,40,-0.1461,35,-0.1701
AVAX/USDT,SET_3,MEASURED,TREND_PULLBACK,2.0,3.0,976,0.1265,347,0.1402,343,-0.171
AVAX/USDT,SET_4,MEASURED,TREND_PULLBACK,3.0,2.5,616,-0.0296,193,-0.1746,211,-0.2806
AVAX/USDT,SET_5,MEASURED,TREND_PULLBACK,3.0,2.0,139,-0.2204,46,-0.356,45,-0.3508
AVAX/USDT,SET_6,MEASURED,RANGE_50,3.0,2.5,238,-0.3737,85,-0.3945,69,-0.3026
LINK/USDT,SET_1,MEASURED,SUPERTREND,3.0,3.0,50,0.3963,16,-0.1846,16,0.1029
LINK/USDT,SET_2,MEASURED,BREAKOUT_20,2.5,3.0,177,0.1924,69,0.1313,66,0.0054
LINK/USDT,SET_3,MEASURED,TREND_PULLBACK,2.5,3.0,847,0.0007,283,0.0373,301,-0.1763
LINK/USDT,SET_4,MEASURED,TREND_PULLBACK_F,2.5,2.0,767,-0.0752,233,-0.1469,279,-0.2276
LINK/USDT,SET_5,MEASURED,BREAKOUT_50,3.0,3.0,72,-0.1326,25,0.002,28,-0.5608
LINK/USDT,SET_6,MEASURED,RANGE_50,3.0,3.0,208,-0.3871,81,-0.4605,65,-0.0448
LTC/USDT,SET_1,MEASURED,TREND_PULLBACK_F,1.5,3.0,78,0.2345,28,-0.4271,28,0.0424
LTC/USDT,SET_2,MEASURED,BREAKOUT_50,2.5,3.0,124,0.3685,46,-0.3418,45,-0.0185
LTC/USDT,SET_3,MEASURED,RANGE_50,2.5,1.5,1010,-0.0449,378,-0.0689,337,-0.0612
LTC/USDT,SET_4,MEASURED,RANGE_50,3.0,2.0,746,-0.0994,249,-0.2094,243,-0.0849
LTC/USDT,SET_5,MEASURED,RANGE_50,3.0,3.0,138,-0.2462,47,-0.1792,45,-0.2811
LTC/USDT,SET_6,MEASURED,RANGE_50,3.0,1.5,281,-0.3559,103,-0.3868,90,-0.3521
