symbol,set,direction,entry_time,entry_price,fill_entry,size,entry_fee,initial_sl,tp1,tp2,tp3,initial_rr,exit_price,exit_time,pnl,reason
BTC/USDT,Set 2,LONG,1594958400000,9119.81,9123.0019335,0.09352757649696046,0.6399391959130046,9012.889662976993,9153.0,9780.0,10370.0,11.692724086073504,10366.3705,1595865600000,115.56209258479399,TP3
BTC/USDT,Set 3,LONG,1568412000000,10288.0,10291.6008,0.04346333679041126,0.3354804837621495,10057.921024512638,10347.07,10592.5,13147.08,12.426515695072903,10437.13898455628,1568638800000,5.98535046612408,SL
BTC/USDT,Set 3,LONG,1596168000000,10977.08,10980.921978,0.05284809032868257,0.4352405674391698,10786.725846385458,11342.82,9279.54,9780.0,6.288699128804031,9776.577000000001,1596171600000,-64.03483725254017,TP3
BTC/USDT,Set 3,LONG,1680210000000,28149.8,28159.652430000002,0.020402467863903904,0.4308948028213339,27688.11540404968,28710.15,28194.4,24000.0,8.988387389139906,23991.600000000002,1680213600000,-85.40567164414429,TP3
BTC/USDT,Set 3,LONG,1690185600000,29828.0,29838.439800000004,0.06388917329014134,1.429764938317238,29693.93270855461,30099.58,31130.0,31804.2,14.740358954778868,30312.15443637301,1690192800000,28.812772627624064,SL
BTC/USDT,Set 3,LONG,1692133200000,29199.0,29209.219650000003,0.2512787539412479,5.50474223793616,29163.7659183154,29499.26,29460.73,30350.0,32.66723425072402,29466.040995496955,1692165600000,58.98060513329112,SL
BTC/USDT,Set 3,LONG,1709305200000,61948.3,61969.98190500001,0.00444151825785723,0.20643060455260476,59822.139159256454,61749.0,52065.78,48969.48,6.104345330460099,48952.340682,1709308800000,-57.98115820236741,TP3
BTC/USDT,Set 3,SHORT,1523455200000,6944.89,6942.4592885,0.1426133122653337,0.7425653358001627,7015.00968126366,6702.0,6430.0,7726.53,11.147226939907535,7729.234285500001,1523458800000,-113.03130710676548,TP3
BTC/USDT,Set 3,SHORT,1537347600000,6346.64,6344.418676,0.13374760213900136,0.6364130886606734,6412.956605210718,6327.0,6192.37,6784.81,6.607244122459741,6787.184683500001,1537351200000,-59.89971906930365,TP3
BTC/USDT,Set 3,SHORT,1626573600000,32213.05,32201.7754325,0.02734028630146233,0.6603043198049594,32515.55925857338,32665.14,32286.57,34600.36,7.89169234442095,34612.470126,1626577200000,-66.61881923784026,TP3
BTC/USDT,Set 3,SHORT,1669147200000,16168.38,16162.721067,0.03159241665025777,0.38296456361292214,16409.08654771511,16049.87,16614.61,18910.94,11.39379059703011,18917.558829,1669150800000,-87.48022093136632,TP3
BTC/USDT,Set 3,SHORT,1723950000000,60126.0,60104.9559,0.06397217931979947,2.8837837626325795,60231.19728119477,57647.05,54558.62,56542.47,34.064853761430975,60252.27820024319,1723953600000,-12.31538076805208,SL
BTC/USDT,Set 3,SHORT,1770397200000,69954.01,69929.52609649999,0.002788862855157046,0.1462678933569481,72322.91298016992,81871.37,87304.33,86806.5,7.114048207576308,86836.88227500001,1770400800000,-47.33392974170448,TP3
BTC/USDT,Set 4,LONG,1507526100000,4581.1,4582.703385000001,0.32914503453122673,1.1312805479266461,4550.718256540792,4480.0,4388.54,4373.0,6.8495081685948405,4371.4694500000005,1507527000000,-70.60573642704631,TP3
BTC/USDT,Set 4,LONG,1509515100000,6400.0,6402.240000000001,0.09503467804946009,0.4563261128965316,6302.2047233022395,6473.88,5980.0,5788.91,6.248665790768133,5786.8838815,1509516000000,-58.89263659235396,TP3
BTC/USDT,Set 4,LONG,1550824200000,3962.6,3963.98691,0.19831192562523736,0.5895794079565009,3918.704423663071,3965.37,4016.48,3670.0,6.665819757191288,3668.7155000000002,1550825100000,-59.101504425711056,TP3
BTC/USDT,Set 4,LONG,1557045000000,5760.51,5762.5261785,0.17246869419960223,0.7453915239726893,5713.463773650316,5830.67,5830.0,5422.0,7.1952636006113,5420.1023000000005,1557045900000,-59.75849766224016,TP3
BTC/USDT,Set 4,LONG,1568514600000,10308.12,10311.727842000002,0.23350015526749518,1.8058425391373651,10275.92980192362,10339.14,10347.07,10592.5,8.834366266564055,10272.333226492947,1568521800000,-10.997592390109846,SL
BTC/USDT,Set 4,LONG,1573113600000,9258.95,9262.190632500002,2.427305778677535,16.86162663411014,9255.898699092597,9391.75,9375.0,9225.0,11.126401829994036,9221.77125,1573114500000,-114.89824469640807,TP3
BTC/USDT,Set 4,LONG,1577584800000,7289.4,7291.95129,0.2587532360687566,1.4151119951574334,7265.216890358045,7360.0,7435.0,7436.68,6.090201061011964,7434.0771620000005,1577648700000,35.332835666954765,TP3
BTC/USDT,Set 4,LONG,1591467300000,9619.95,9623.316982500002,0.19284774356133694,1.3918762242379645,9585.670178454522,9666.59,9755.82,10190.0,16.629316440393975,9589.651306082482,1591519500000,-7.879356694523457,SL
BTC/USDT,Set 4,LONG,1596161700000,11015.34,11019.195369000001,0.13738260869677038,1.1353843541494435,10967.79400615297,11170.0,11342.82,9279.54,36.507807694263086,9276.292161000001,1596162600000,-240.40039033309344,TP3
BTC/USDT,Set 4,LONG,1616272200000,58454.65,58475.10912750001,0.02100106131100692,0.921029513965836,58258.08904037406,58755.15,60129.97,60750.0,11.6775477916272,58237.69870920994,1616273100000,-5.9031608612846105,SL
BTC/USDT,Set 4,LONG,1618546500000,62684.46,62706.399561000006,0.009559223503209724,0.4495683663638784,62258.802293129185,63200.0,63764.62,58655.0,9.466432617001649,58634.47075,1618547400000,-39.34485260167683,TP3
BTC/USDT,Set 4,LONG,1628570700000,45544.13,45560.0704455,0.007661670024038075,0.2617996695190128,45064.40317565317,46401.97,44581.0,42599.0,6.139181406021936,42584.09035,1628571600000,-23.045676426227985,TP3
BTC/USDT,Set 4,LONG,1630292400000,48391.35,48408.286972500006,0.01995696981376019,0.7245620413845174,48218.72600458826,48700.0,49632.27,47160.0,7.13313347349536,47143.494,1630293300000,-25.947066137843546,TP3
BTC/USDT,Set 4,LONG,1647661500000,41667.54,41682.123639000005,0.008503315028368754,0.265827171265375,41292.91184691422,42000.0,38990.61,39327.99,6.244992483157823,39314.2252035,1647662400000,-20.385712283739267,TP3
BTC/USDT,Set 4,LONG,1660383900000,24502.71,24511.2859485,0.019911214377803046,0.36603710189716127,24352.959009187958,24888.0,24334.46,23000.77,10.029583055548189,22992.7197305,1660384800000,-30.579857242249638,TP3
BTC/USDT,Set 4,LONG,1664586000000,19402.88,19409.671008,0.017058775011773976,0.24832890808351818,19246.01495505524,19768.19,20185.0,20385.86,6.266405624950788,19474.47777363981,1664623800000,0.8563659831810281,SL
BTC/USDT,Set 4,LONG,1665045900000,20127.84,20134.884744000003,0.02086268708715913,0.31505084996256466,19999.165819270493,20374.59,20299.99,19341.58,6.110472167317197,19334.810447000003,1665046800000,-16.994231779973774,TP3
BTC/USDT,Set 4,LONG,1675489500000,23307.55,23315.7076425,0.02628980666530285,0.45972408463953685,23211.902782697514,23361.33,24144.62,23960.54,6.8270674089233205,23512.974670203814,1675554300000,4.722498351117801,SL
BTC/USDT,Set 4,LONG,1680359400000,28365.34,28375.267869000003,0.0987233885113713,2.1009769454591387,28339.391013917815,28572.93,28710.15,28194.4,6.587540625232973,28184.531960000004,1680360300000,-20.91694962130015,TP3
BTC/USDT,Set 4,LONG,1681421400000,30283.39,30293.989186500003,0.012236763468919392,0.2780252851539018,30091.133089565294,30535.76,30350.07,28083.45,11.442709627580026,28073.6207925,1681422300000,-27.427770544257903,TP3
BTC/USDT,Set 4,LONG,1701484200000,38694.83,38708.3731905,0.013357950869021275,0.38779841047382957,38539.24291533479,38438.81,37932.77,37748.0,6.085530826915185,37734.7882,1701485100000,-13.383145055036932,TP3
BTC/USDT,Set 4,LONG,1709312400000,61427.38,61448.879583,0.011052143512550967,0.5093563768775843,61251.441895318894,62677.06,61749.0,52065.78,53.20962174151177,52047.556977,1709313300000,-104.33619445119228,TP3
BTC/USDT,Set 4,LONG,1717495200000,68717.92,68741.97127200001,0.012267563730618125,0.6324723851606854,68644.46358619709,68200.0,69191.99,70096.12,18.76214653900537,70071.586358,1717515000000,15.666432066181976,TP3
BTC/USDT,Set 4,LONG,1726958700000,63137.99,63160.088296500006,0.0049985905518958665,0.2367835654618452,62926.37123518429,63340.0,63700.0,60395.8,12.958160881375996,60374.66147000001,1726959600000,-14.149549377238571,TP3
BTC/USDT,Set 4,LONG,1752142500000,110991.17,111030.0169095,0.002625916869098494,0.21866669578421033,110642.22518936178,111185.77,108660.0,108789.99,6.3081035536079275,108751.9135035,1752143400000,-6.196290276527807,TP3
BTC/USDT,Set 4,LONG,1753047000000,118100.01,118141.3450035,0.0016148733086550958,0.1430874785210739,117570.96715973811,118263.0,119531.48,123218.0,9.674055880742117,118939.82314848552,1753049700000,1.1453864845775679,SL
BTC/USDT,Set 4,LONG,1761411600000,111372.25,111411.2302875,0.0037894293571915294,0.31663874007920895,111143.77469538014,111943.19,114000.0,109163.88,9.665683578688322,109125.672642,1761412500000,-8.97110226006089,TP3
BTC/USDT,Set 4,LONG,1765326600000,92530.55,92562.9356925,0.0020649901340161303,0.14335616173543653,92154.72253654874,93045.89,91374.0,89799.96,7.265541413404699,89768.530014,1765327500000,-5.90944850315918,TP3
BTC/USDT,Set 4,LONG,1768365900000,95289.52,95322.87133200001,0.000891620867872376,0.06374389594884351,94485.3827877357,91441.34,92519.95,90406.08,6.07289393591064,90374.43787200001,1768366800000,-4.472561337260588,TP3
BTC/USDT,Set 4,LONG,1773208800000,69510.36,69534.688626,0.0018217272514046022,0.09500492789093838,69141.33664307506,70417.3,70281.87,73558.15,10.968926286211545,69117.13717524998,1773231300000,-0.855099285943254,SL
BTC/USDT,Set 4,LONG,1776337200000,74313.0,74339.00955,0.026336096177179767,1.4683494789188138,74287.79850816194,74874.93,74786.72,73790.0,20.752739693376732,73764.1735,1776338100000,-16.5959327747047,TP3
BTC/USDT,Set 4,LONG,1784247300000,63790.57,63812.8966995,0.008886595301640482,0.4253095409953846,63734.55871916485,64330.0,65600.0,64243.75,8.090870146922693,63712.25162361315,1784249100000,-1.319030805460854,SL
BTC/USDT,Set 4,SHORT,1504783800000,4625.35,4623.7311275,0.33915563707218227,1.1761233571483067,4654.834988326677,4557.89,3603.0,4335.26,9.83856587582694,4448.608245899482,1504789200000,58.262334552347994,SL
BTC/USDT,Set 4,SHORT,1514566800000,14596.0,14590.8914,0.03962377009770546,0.43360959476564076,14863.077648578834,14204.99,13190.0,11640.0,11.06794228468532,12507.977141277335,1514736900000,82.16120581288446,SL
BTC/USDT,Set 4,SHORT,1516219200000,10390.0,10386.363500000001,0.02138908700189862,0.16661612440113324,10923.180093317682,10593.0,14172.95,13923.18,6.626616492778256,13928.053113000002,1516220100000,-75.97693852102843,TP3
BTC/USDT,Set 4,SHORT,1528860600000,6539.12,6536.831308,0.09280813999109166,0.45500336634826116,6653.813237246903,6522.0,6657.75,8163.9,14.166310403309122,8166.757365,1528861500000,-151.83886184378727,TP3
BTC/USDT,Set 4,SHORT,1535058900000,6470.12,6467.855458,1.0619520478717193,5.151414261721033,6478.7136812479375,6325.0,6360.0,6228.0,28.17418903663727,6480.981231036375,1535059800000,-19.10081002376576,SL
BTC/USDT,Set 4,SHORT,1538361900000,6649.02,6646.692843000001,0.24936884026318887,1.243108564383411,6684.850736872884,6610.31,6542.48,6434.0,6.000992967652993,6436.2519,1538537400000,51.2736633958434,TP3
BTC/USDT,Set 4,SHORT,1544503500000,3432.17,3430.9687405000004,0.24166470975796303,0.6218580486461824,3471.2646859522324,3402.0,3781.0,3689.12,6.57250451669961,3690.411192,1544504400000,-63.36696635284347,TP3
BTC/USDT,Set 4,SHORT,1548324000000,3547.88,3546.6382420000004,0.5442574211402827,1.4477131374813197,3564.0747929928634,3541.46,3434.85,3441.3,6.581127653003492,3565.3222191704112,1548329400000,-11.624233038816579,SL
BTC/USDT,Set 4,SHORT,1564139700000,9783.29,9779.865848500001,0.16841101893963256,1.2352778794790995,9834.936822129413,9657.0,9720.03,10121.84,6.555098378593108,10125.382644000001,1564140600000,-59.46775509708389,TP3
BTC/USDT,Set 4,SHORT,1566678600000,10145.5,10141.949075,5.206906162996495,39.606132857560574,10147.056243983505,9948.08,9880.01,10258.6,72.67497975817844,10262.19051,1566679500000,-666.1615662083143,TP3
BTC/USDT,Set 4,SHORT,1569698100000,8129.09,8126.2448185,0.014554487468344934,0.0887049962816709,8228.138539489264,8001.09,7977.0,9653.0,15.385486831587047,9656.378550000001,1569699000000,-22.375719950455313,TP3
BTC/USDT,Set 4,SHORT,1582905600000,8715.94,8712.889421000002,0.009808700011579805,0.06409658892349221,8840.099524280697,8842.28,8730.0,9576.01,6.92713672175144,9579.361603500001,1582906500000,-8.569436519724709,TP3
BTC/USDT,Set 4,SHORT,1590249600000,9198.78,9195.560427,0.010044013745224688,0.06927025149287415,9311.498798557084,9138.0,9079.78,8200.0,8.86081126471725,9299.891273060042,1590301800000,-1.117956628709765,SL
BTC/USDT,Set 4,SHORT,1592794800000,9386.63,9383.3446795,0.2434630252219122,1.7133731117782531,9391.234270380455,9365.02,9232.33,8910.45,103.42138072978204,9394.521202375088,1592795700000,-4.43648398496212,SL
BTC/USDT,Set 4,SHORT,1599861600000,10343.26,10339.639859,0.027230630642095754,0.21116618547954003,10382.79653406218,10238.09,9875.5,10070.83,6.890588830360003,10386.430512849101,1599862500000,-1.4862608022059056,SL
BTC/USDT,Set 4,SHORT,1610898300000,35934.19,35921.613033500005,0.0018266409480922313,0.049211916966386035,36515.4438851725,35520.0,35520.0,32380.0,6.114694612226528,34919.940637104155,1610918100000,1.7818561707258198,SL
BTC/USDT,Set 4,SHORT,1615059900000,48466.84,48449.876606,0.0027891679365979337,0.10135113177118614,48853.89475401306,48248.27,46885.0,43000.0,14.124203212384439,47564.53528048215,1615070700000,2.3698665305368625,SL
BTC/USDT,Set 4,SHORT,1625620500000,34250.02,34238.032493,0.003600011694660489,0.09244298803272437,34556.47994193373,34027.69,33634.76,32286.57,6.406873236387183,33672.16679861268,1625632200000,1.9462079717068612,SL
BTC/USDT,Set 4,SHORT,1636243200000,61470.61,61449.0952865,0.01728437086779913,0.7965817143169452,61535.56587621966,60972.78,60050.0,59510.63,30.174021413735424,60840.32424332368,1636246800000,9.733534437882387,SL
BTC/USDT,Set 4,SHORT,1642319100000,43227.97,43212.840210500006,0.004197647922011079,0.13604421668535163,43518.62248483674,42925.88,42777.0,41268.93,6.740145370167373,43445.732015155896,1642350600000,-1.1143752149024595,SL
BTC/USDT,Set 4,SHORT,1653163200000,29464.31,29453.997491500002,0.008845439177832108,0.1954001575163121,29600.98077717102,29140.0,29168.68,38200.0,63.91776048122539,38213.37,1653164100000,-77.73400728999766,TP3
BTC/USDT,Set 4,SHORT,1665914400000,19140.89,19134.1906885,0.00893598347180454,0.12823710880409425,19189.186080147756,19133.24,19115.0,18190.0,19.688761429309693,19056.80136600081,1665949500000,0.5638312602228609,SL
BTC/USDT,Set 4,SHORT,1672419600000,16545.86,16540.068949,0.02190314433333563,0.27170963810495247,16565.82111973248,16515.45,16517.54,16256.3,14.506200247314935,16571.61915712439,1672426800000,-0.963276686971974,SL
BTC/USDT,Set 4,SHORT,1711202400000,64596.06,64573.451379,0.0037104474574797728,0.1796972988674282,64711.29637636314,65360.0,63000.0,62022.0,22.33721747626267,63756.2611694207,1711204200000,2.8547181425449972,SL
BTC/USDT,Set 4,SHORT,1714075200000,64747.11,64724.448511500006,0.004777054576990544,0.23189416725378745,64842.592622976146,63825.72,62794.0,62953.9,18.78048532923101,64865.28753039419,1714076100000,-0.9051944438409814,SL
BTC/USDT,Set 4,SHORT,1728216000000,62101.92,62080.184328,0.014683551343903728,0.6836681805143967,62132.36724986496,61980.33,60459.9,61700.0,13.200535410671234,62154.113578402415,1728216900000,-1.7700262825726103,SL
BTC/USDT,Set 4,SHORT,1735580700000,93964.0,93931.11260000001,0.0024005932661588254,0.16911779729277482,94142.86140892754,93686.68,94375.8,92520.0,8.073289865367336,94175.81141042066,1735581600000,-0.7569806805630712,SL
BTC/USDT,Set 4,SHORT,1739484900000,96421.08,96387.332622,0.0007994915048949549,0.05779564020808003,96948.66995493881,95561.46,94088.23,101400.01,9.43712053914565,101435.5000035,1739485800000,-4.096789552207733,TP3
BTC/USDT,Set 4,SHORT,1742291100000,83132.96,83103.86346400001,0.0008223432039878256,0.05125492300856442,83596.07052328592,83048.71,82456.0,79939.9,6.8948120145149545,83042.50533814315,1742344200000,-0.0007596421223906719,SL
BTC/USDT,Set 4,SHORT,1750630500000,100334.81,100299.6928165,0.001590596417347334,0.11965224904122229,100574.23477862065,102584.36,104238.02,104494.53,17.373807439499323,104531.10308550001,1750631400000,-6.8551661127500125,TP3
BTC/USDT,Set 4,SHORT,1756580400000,108739.72,108701.66109800001,0.0014696528813214278,0.11981528207782582,108952.20319105795,107769.48,108190.52,111684.79,13.86024929942227,111723.8796765,1756581300000,-4.564758733134892,TP3
BTC/USDT,Set 4,SHORT,1763175600000,96482.77,96449.0010305,0.0003553375588171186,0.025703964432395723,97233.12396631564,98021.0,103051.59,101400.0,6.553213844053348,101435.49,1763176500000,-1.7989196970361339,TP3
BTC/USDT,Set 4,SHORT,1769919300000,78964.13,78936.4925545,0.0001836765192862316,0.010874085147805574,80317.81282584621,78644.09,81871.37,87304.33,6.161118277308741,87334.88651550001,1769920200000,-1.5546187963265579,TP3
BTC/USDT,Set 4,SHORT,1780269300000,73936.0,73910.12240000001,0.005895437542128041,0.32679938275517906,73975.53795796157,73626.67,73373.37,76108.0,54.93455180743475,76134.63780000001,1780270200000,-13.45112685365883,TP3
BTC/USDT,Set 4,SHORT,1782536400000,60239.99,60218.9060035,0.00048396754652456564,0.021857997144680497,60443.68608226225,59970.0,59556.0,63270.0,14.875151089548204,63292.1445,1782537300000,-1.5103212029519082,TP3
BTC/USDT,Set 5,LONG,1773779100000,74625.1,74651.218785,0.023732289789771585,1.3287332680239454,74203.73315809038,74774.16,76000.0,71491.03,7.43786574614296,71466.0081395,1773779400000,-76.86438109193507,TP3
BTC/USDT,Set 5,LONG,1775648700000,71521.02,71546.05235700001,0.10109118173938415,5.424506236167737,71429.70287391398,71582.42,71790.0,69974.08,16.94030535458054,69949.589072,1775649000000,-166.69182505029437,TP3
BTC/USDT,Set 5,LONG,1775861400000,72837.28,72862.773048,0.0696877588745203,3.808232519323441,72728.73241487535,73244.03,73145.0,71748.0,10.035045908660093,71722.8882,1775861700000,-83.18467593614267,TP3
BTC/USDT,Set 5,LONG,1776446100000,77499.63,77526.75487050001,0.016168936710201462,0.9401438946363132,77083.23952857411,75728.89,75177.76,74786.72,6.515302789494325,74760.54464800001,1776446400000,-45.63327690084005,TP3
BTC/USDT,Set 5,LONG,1777266000000,78924.22,78951.843477,0.11050280645886093,6.54330020948191,78867.42272388245,79160.0,78149.99,78339.35,10.297500865878602,78311.93122750001,1777266300000,-77.20236559204078,TP3
BTC/USDT,Set 5,LONG,1777875600000,79821.44,79849.377504,0.20493177622176298,12.272756071572603,79794.58113576837,80395.96,79447.0,79199.48,23.15660091343411,79171.760182,1777875900000,-151.03392847662096,TP3
BTC/USDT,Set 5,LONG,1778542200000,81625.16,81653.72880600001,0.05860829379594485,3.5891892955473406,81557.01443201219,81932.18,81744.85,81049.51,8.447357869303538,81021.1426715,1778542500000,-40.636177222048836,TP3
BTC/USDT,Set 5,LONG,1786141200000,64909.55,64932.26834250001,0.5325346266640438,25.934010960167065,64902.81328558244,65102.0,65136.17,64987.26,11.535296760891411,65010.407680876226,1786142100000,15.64668350224554,SL
BTC/USDT,Set 5,LONG,1787639100000,80780.0,80808.273,0.006664693775431425,0.4039217955498475,80218.23367457256,80880.17,79118.42,77400.0,6.016736580691662,77372.91,1787639400000,-23.28239246619542,TP3
BTC/USDT,Set 5,SHORT,1774191900000,68790.06,68765.983479,0.0914870271146814,4.7183965463332544,68899.36511478381,70383.17,68542.1,69718.23,8.491551395703368,69742.6313805,1774192200000,-94.13602255214434,TP3
BTC/USDT,Set 5,SHORT,1774782300000,66682.0,66658.6613,0.11638050189860295,5.818326343487237,66759.83640409431,66702.39,66385.88,66124.4,7.16374306454825,66299.81697502044,1774782600000,35.975478163083636,SL
BTC/USDT,Set 5,SHORT,1778719200000,79587.51,79559.6543715,0.26651055624020037,15.902615805619915,79622.84966792527,79442.0,79400.0,80412.15,23.334684461202354,80440.2942525,1778719500000,-250.77846520663203,TP3
BTC/USDT,Set 5,SHORT,1779507300000,75648.21,75621.73312650001,0.053220463818307626,3.018467783802457,75778.0587350211,76767.0,77184.45,76516.74,6.68878291235502,76543.52085900001,1779507600000,-52.113231927477834,TP3
BTC/USDT,Set 5,SHORT,1780332300000,71344.0,71319.02960000001,0.020984026628785683,1.1224203121991658,71648.4924455063,72939.24,73456.48,73373.37,6.664763050609086,73399.0506795,1780332600000,-44.80237344615294,TP3
BTC/USDT,Set 5,SHORT,1782690000000,59813.99,59793.0551035,0.17298854073342665,7.757635011260876,59848.33593889928,59270.26,59808.0,59556.0,7.511513974229073,59576.844600000004,1782691500000,29.672355935062093,TP3
BTC/USDT,Set 6,LONG,1785871380000,64285.69,64308.18999150001,0.2715177922499171,13.095613327560224,64248.860001062785,64400.0,64097.74,64023.61,7.115938299285875,64001.20173650001,1785871440000,-96.38587199188267,TP3
BTC/USDT,Set 6,LONG,1787242740000,72328.0,72353.31480000001,0.05166442121734025,2.8035690992235143,72153.09934172942,72508.0,72322.0,69894.5,13.91361258478111,69870.03692500001,1787242800000,-131.00446039732483,TP3
BTC/USDT,Set 6,LONG,1787639760000,80651.09,80679.3178815,0.336167348495954,20.341314278014547,80628.10711153485,80748.0,80880.17,79118.42,66.68744019377786,79090.72855300001,1787639820000,-553.9726527920164,TP3
BTC/USDT,Set 6,SHORT,1786708680000,62900.0,62877.985,0.3235064671235457,15.256076090397976,62930.91128313111,62871.88,62850.29,63382.5,15.60918703871108,63404.683875,1786708740000,-185.7743612488115,TP3
BTC/USDT,Set 6,SHORT,1787693400000,78466.47,78439.0067355,0.09916272568853664,5.833669281145249,78548.58005023285,78850.0,78120.74,79067.72,7.322489735360919,79095.393702,1787693460000,-70.97160682624335,TP3
ETH/USDT,Set 1,LONG,1713052800000,3007.01,3008.0624535000006,0.09182382583911568,0.20715885213252533,2898.1058032012197,2614.43,2029.11,2030.0,8.971279608307443,2029.2895,1713139200000,-90.01443006243979,TP3
ETH/USDT,Set 2,LONG,1552392000000,133.86,133.90685100000002,1.3967976571264549,0.14028058181248598,126.70076691496436,136.49,130.05,1440.0,182.44132918791476,131.61965461339855,1553184000000,-3.332635073089861,SL
ETH/USDT,Set 2,LONG,1602921600000,367.79,367.91872650000005,0.5820814486386829,0.16061899897681456,350.6675274103337,381.79,488.84,239.15,7.512933621376413,239.06629750000002,1602936000000,-75.10697557551016,TP3
ETH/USDT,Set 3,LONG,1552888800000,136.83,136.87789050000003,11.1430497771692,1.1439278604265617,135.9325796168937,141.41,136.49,130.05,7.554987748920718,130.00448250000002,1552892400000,-77.6772122976076,TP3
ETH/USDT,Set 3,LONG,1558857600000,248.81,248.8970835,1.2199809692990886,0.22773727888803463,241.24985921983446,252.0,262.0,166.24,10.921754290161777,166.18181600000003,1558861200000,-101.06310621020606,TP3
ETH/USDT,Set 3,LONG,1603645200000,407.87,408.0127545,1.2629917386120666,0.38648755363639004,401.3675055150029,409.19,381.79,488.84,12.45214435580349,401.22702688807266,1603702800000,-8.950377729536696,SL
ETH/USDT,Set 3,LONG,1618549200000,2422.77,2423.6179695,0.14667768418237817,0.26661800333179325,2367.389434899679,2161.38,2151.0,2042.34,6.869377358480514,2041.6251809999999,1618552800000,-56.25441323168714,TP3
ETH/USDT,Set 3,LONG,1662976800000,1750.86,1751.4728010000001,0.16982786874158434,0.22308666971451233,1706.3411058907298,1783.0,1687.4,2030.0,6.27014676768161,1705.7438865036681,1662998400000,-7.98330622542613,SL
ETH/USDT,Set 3,LONG,1680451200000,1797.54,1798.169139,1.334906204842734,1.8002903557558627,1791.9360738095927,1828.66,1819.98,1697.91,17.77860675084289,1697.3157315,1680454800000,-136.32915742745013,TP3
ETH/USDT,Set 3,LONG,1685833200000,1891.37,1892.0319795,0.9053251401687746,1.2846780877834814,1884.6128428225902,1904.59,1872.5,1939.0,7.04882227088564,1883.9532283276023,1685844000000,-8.593089202919916,SL
ETH/USDT,Set 3,LONG,1758283200000,4513.8,4515.379830000001,0.24814373860278643,0.8403474241708608,4489.493549993593,4549.0,4538.25,2680.34,75.431006976201,2679.4018810000002,1758286800000,-456.0850898571141,TP3
ETH/USDT,Set 3,LONG,1775559600000,2089.32,2090.0512620000004,0.15602631661589736,0.24457724996120092,2079.894394691372,2119.21,2084.0,2199.02,11.638509825950313,2079.16643165323,1775566800000,-1.9416234959672127,SL
ETH/USDT,Set 3,SHORT,1509742800000,301.44,301.334496,3.5287437302077223,0.7974991600914779,304.27386971810824,285.0,272.2,283.18,6.443486051359297,282.35362837533347,1509746400000,66.23135242757162,SL
ETH/USDT,Set 3,SHORT,1575259200000,150.04,149.987486,2.5550619963032033,0.28742049404974407,154.2130155822843,149.76,140.84,177.02,6.465348491517296,177.08195700000002,1575262800000,-69.56739469596059,TP3
ETH/USDT,Set 3,SHORT,1723129200000,2499.21,2498.3352765,0.2099180734941536,0.3933342961390227,2546.688711153443,2478.53,3251.08,2822.8,6.815475655061781,2823.7879800000005,1723132800000,-68.76297763172225,TP3
ETH/USDT,Set 3,SHORT,1766718000000,2973.5,2972.459275,1.2165155190849046,2.712032128414023,2981.127530973036,2936.89,2936.3,2907.52,8.650243471084748,2982.1709256088766,1766732400000,-14.53526659030378,SL
ETH/USDT,Set 4,LONG,1532614500000,474.45,474.6160575,18.503971885754993,6.5867116383809075,473.9095754867257,483.9,485.77,484.15,17.94885272918232,473.7437071353054,1532622600000,-22.716551801251246,SL
ETH/USDT,Set 4,LONG,1546607700000,149.08,149.132178,9.349714478431919,1.0457574628850146,148.0347451417333,150.4,137.0,131.12,17.182412363796374,131.074108,1546608600000,-169.75692764552358,TP3
ETH/USDT,Set 4,LONG,1553801400000,137.3,137.34805500000002,125.94996264863015,12.974236797834003,137.23588513219286,138.37,140.14,136.49,12.633575139488741,136.44222850000003,1553802300000,-126.97748402859116,TP3
ETH/USDT,Set 4,LONG,1559096100000,268.25,268.3438875,8.302091741680503,1.6708616792581439,267.4302679882373,271.83,252.0,262.0,7.62444300126857,261.9083,1559097000000,-55.05962788749293,TP3
ETH/USDT,Set 4,LONG,1566713700000,188.45,188.5159575,4.282842325748395,0.6055380913949893,186.98954602793404,189.18,192.61,203.59,10.366639613149237,194.04392496242014,1566743400000,23.0521183722503,SL
ETH/USDT,Set 4,LONG,1572936300000,184.27,184.33449450000003,62.73717517219682,8.673469103793641,184.16662564098093,186.03,182.17,182.85,13.736481787885644,182.7860025,1572937200000,-105.7486219501489,TP3
ETH/USDT,Set 4,LONG,1577583900000,127.68,127.72468800000001,7.49011063875224,0.717504033315083,126.95532057770824,128.12,132.26,134.42,9.300664256044396,134.372953,1577649600000,49.041389192124626,TP3
ETH/USDT,Set 4,LONG,1579065300000,160.16,160.216056,5.250741853442993,0.6309398631245748,159.03285585395273,171.98,147.65,133.05,24.051937008297262,133.0034325,1579066200000,-143.4102361706959,TP3
ETH/USDT,Set 4,LONG,1581082200000,219.51,219.5868285,1.516364861012019,0.24973031300885445,216.55276939138912,221.0,191.5,171.47,16.24492856935709,171.4099855,1581083100000,-73.24861189882193,TP3
ETH/USDT,Set 4,LONG,1585302300000,136.14,136.187649,736.0019241862328,75.17577878579947,136.13490252085145,140.47,136.26,137.45,256.9897711847147,139.16407465356093,1585303200000,2113.8362381761526,SL
ETH/USDT,Set 4,LONG,1586069100000,142.46,142.50986100000003,30.654953021564015,3.2764748205484637,141.64805561939465,144.16,133.25,137.56,6.034896129642227,137.511854,1586070000000,-156.37523435465764,TP3
ETH/USDT,Set 4,LONG,1591004700000,237.81,237.8932335,5.887704446059103,1.0504837864239946,233.84812237626045,238.7,240.0,205.67,8.112315182936817,205.5980155,1591005600000,-191.05257386751822,TP3
ETH/USDT,Set 4,LONG,1596069000000,318.27,318.3813945,18.742543529426396,4.4754578590317955,317.1273675324411,323.5,333.31,242.09,66.67060683366606,242.0052685,1596069900000,-1434.884711873364,TP3
ETH/USDT,Set 4,LONG,1613081700000,1774.41,1775.0310435000001,0.2463847182972145,0.3280053927161687,1745.7272485231017,1808.5,1758.73,1390.0,13.402131253328715,1389.5135,1613082600000,-95.24239752308242,TP3
ETH/USDT,Set 4,LONG,1618487100000,2433.51,2434.3617285000005,0.21360983945740736,0.39000271350460636,2404.8850654795424,2459.65,2161.38,2151.0,9.86936755429412,2150.24715,1618488000000,-61.03415496227297,TP3
ETH/USDT,Set 4,LONG,1630292400000,3195.45,3196.5684075,0.555110192662787,1.3308357784103275,3185.5344441508664,3224.0,3285.0,3290.0,9.535521905034066,3257.2959332942187,1630294200000,32.354349913745146,SL
ETH/USDT,Set 4,LONG,1635669000000,4287.28,4288.780548,10.847648109137847,34.89238665151453,4286.7427619223745,4384.0,4357.85,4307.0,36.70625895909693,4380.278520368983,1635669900000,956.9010169516123,SL
ETH/USDT,Set 4,LONG,1674896400000,1587.19,1587.7455165000001,7.156834202368603,8.522423562858453,1585.0386605458418,1598.39,1611.26,1610.0,10.602696824953153,1584.483897014651,1674901800000,-31.8477862983018,SL
ETH/USDT,Set 4,LONG,1681832700000,2094.51,2095.2430785000006,2.014518209149207,3.16567900067407,2087.0251821140355,2114.9,2141.54,1819.98,36.67824711069982,1819.3430070000002,1681833600000,-558.5545426545364,TP3
ETH/USDT,Set 4,LONG,1685899800000,1899.51,1900.1748285,2.679061248827734,3.8180135617741766,1895.966685527048,1900.1,1904.59,1872.5,7.622806331806392,1871.8446250000002,1685900700000,-79.65944016725162,TP3
ETH/USDT,Set 4,LONG,1688457600000,1948.8,1949.48208,1.7413739829297221,2.5460830307247893,1943.80614906363,1958.89,1927.32,1912.53,7.262932046258731,1911.8606145,1688458500000,-68.00998947119669,TP3
ETH/USDT,Set 4,LONG,1699221600000,1867.54,1868.193639,14.58177985483129,20.43119127757062,1866.9902686036742,1837.0,1807.01,1875.0,13.57026367760682,1866.336822009663,1699222500000,-47.48658108893971,SL
ETH/USDT,Set 4,LONG,1700568000000,2004.01,2004.7114035000002,3.38504893961721,5.089534657992154,2001.7822046197432,1963.35,2017.59,2118.0,51.167176756987715,2026.9778845903256,1700576100000,70.22706369966778,SL
ETH/USDT,Set 4,LONG,1732427100000,3398.9,3400.0896150000003,0.37463050851423163,0.955332976096056,3376.895740231322,3433.0,3425.92,3240.4,7.203150738368292,3239.2658600000004,1732428000000,-61.15963097907661,TP3
ETH/USDT,Set 4,LONG,1732964400000,3641.79,3643.0646265,0.8191933205885991,2.2382806563760496,3632.4736756049906,3596.76,3642.19,3546.66,10.211108583870274,3545.418669,1732965300000,-82.16920363572932,TP3
ETH/USDT,Set 4,LONG,1747197000000,2650.51,2651.4376785000004,0.1802079505127977,0.3583576124661715,2612.7193328230414,2725.99,2576.29,1833.55,21.618035907503273,1832.9082575,1747197900000,-147.7532378732586,TP3
ETH/USDT,Set 4,LONG,1749113100000,2603.81,2604.7213335,0.727671269176288,1.421535658948874,2596.4816272475964,2633.21,2679.88,2649.31,6.208745315947124,2639.1838494232434,1749120300000,23.63703900489992,SL
ETH/USDT,Set 4,LONG,1768690800000,3302.0,3303.1557000000003,19.14020563872059,47.417309516034045,3301.7090409164402,3320.33,3400.01,3184.39,404.21491077403005,3183.2754635,1768691700000,-2340.2287888605233,TP3
ETH/USDT,Set 4,SHORT,1504999800000,302.77,302.66403049999997,10.228080512911207,2.32175405423716,303.74770055558093,281.52,235.55,320.17,17.796860092465536,320.28205950000006,1505000700000,-182.65552210936073,TP3
ETH/USDT,Set 4,SHORT,1509691500000,289.16,289.05879400000003,3.2095764245971936,0.6958172179086727,291.706580513325,283.02,281.24,272.2,6.659911167645014,291.80867781650466,1509695100000,-9.528398957444136,SL
ETH/USDT,Set 4,SHORT,1512972000000,454.13,453.97105450000004,3.7607462664028133,1.2804524611993673,456.2780206898028,417.12,423.01,440.11,6.526938993910233,431.17531871557117,1512972900000,84.5128225136774,SL
ETH/USDT,Set 4,SHORT,1514718000000,703.52,703.273768,0.4198478650707056,0.22145099254127307,724.7736248409075,683.31,672.86,563.49,6.58852318360678,725.0272956096019,1514728800000,-9.361472996282751,SL
ETH/USDT,Set 4,SHORT,1518544800000,844.53,844.2344145,0.5764461780934659,0.3649917762401249,859.8474305252731,840.47,805.0,747.95,6.3052350614972115,860.148377125957,1518581700000,-9.545414867495882,SL
ETH/USDT,Set 4,SHORT,1520751600000,693.05,692.8074325,1.3925978872404143,0.723601625072967,699.3218895496378,677.95,676.87,813.18,19.153717400354413,813.464613,1520752500000,-168.87655647074178,TP3
ETH/USDT,Set 4,SHORT,1527301800000,584.63,584.4253795,0.7897922976301766,0.34618099745151965,593.5506422907185,578.32,583.11,686.0,11.363531536901787,686.2401000000001,1527302700000,-80.81897239524805,TP3
ETH/USDT,Set 4,SHORT,1535208300000,279.79,279.69207350000005,3.2679819250623736,0.6855214805859128,281.6985983307732,277.54,270.22,291.98,6.386886021775804,292.082193,1535209200000,-41.20657607088019,TP3
ETH/USDT,Set 4,SHORT,1538743500000,223.57,223.4917505,5.4024902275076,0.9055589985036125,224.64824333615678,220.9,216.52,214.18,8.7086093510849,220.79436383584857,1538747100000,13.677975548203442,SL
ETH/USDT,Set 4,SHORT,1548337500000,116.19,116.1493335,11.794573060654903,1.0274488499340915,116.6954849218606,116.04,111.39,111.87,8.546248984240414,116.73632834158326,1548357300000,-7.955994910374392,SL
ETH/USDT,Set 4,SHORT,1555969500000,171.46,171.399989,9.041232066649084,1.1622503075775752,172.11062138096636,170.02,168.32,163.78,11.804100241207935,172.1708600984497,1555992900000,-8.137102020504951,SL
ETH/USDT,Set 4,SHORT,1562925600000,276.68,276.583162,23.646410258796024,4.905149189495282,276.92532467334985,283.52,266.21,284.25,30.857067479734916,284.3494875,1562926500000,-188.68860245507653,TP3
ETH/USDT,Set 4,SHORT,1570294800000,175.14,175.078701,2.933694581130626,0.38522057729631676,176.47420904591104,173.73,172.19,165.01,7.5925133554186175,176.5359750190771,1570312800000,-4.6636238679550495,SL
ETH/USDT,Set 4,SHORT,1575295200000,149.44,149.387696,3.0203180462923673,0.3383987655921286,150.7205027649829,147.26,149.76,140.84,6.716112010984024,146.27246101071054,1575458100000,9.077658441342688,SL
ETH/USDT,Set 4,SHORT,1583967600000,194.24,194.172016,1.5557872280611231,0.22656775690476005,196.7842439187212,189.8,197.18,212.36,7.121958656034723,212.43432600000003,1583968500000,-28.66014561128738,TP3
ETH/USDT,Set 4,SHORT,1592381700000,234.54,234.457911,2.6902194980356877,0.47305743273068696,235.90483314479977,234.27,233.98,218.27,11.920871105740066,235.612574455443,1592400600000,-3.581685297838834,SL
ETH/USDT,Set 4,SHORT,1600244100000,364.66,364.532369,1.1422497051685447,0.31229024326098087,367.8430902369906,360.77,361.59,325.38,12.340209380032297,367.97183531857354,1600261200000,-4.2439661786299725,SL
ETH/USDT,Set 4,SHORT,1622947500000,2679.7,2678.762105,0.18248250985878905,0.36662042417625973,2699.3919925406644,2552.23,2647.1,2378.54,15.293526004445438,2700.336779738054,1622960100000,-4.3065739703600565,SL
ETH/USDT,Set 4,SHORT,1632038400000,3440.72,3439.515748,0.10096839478845646,0.2604617879438828,3475.8832656008444,3414.28,3350.07,3108.49,9.448212341006798,3109.5779715,1632123900000,33.07781085108858,TP3
ETH/USDT,Set 4,SHORT,1638097200000,4108.04,4106.602186,0.23268446992461073,0.7166569146304933,4124.719912471192,4051.67,4104.94,3956.44,9.08877671041892,4126.163564440558,1638098100000,-5.271699609796458,SL
ETH/USDT,Set 4,SHORT,1639265400000,4080.74,4079.311741,0.18718962063655492,0.5727036129420258,4101.192200194815,4005.52,3990.04,3921.0,7.81040663001599,3984.349500293101,1639332900000,17.216574159139178,SL
ETH/USDT,Set 4,SHORT,1647357300000,2564.63,2563.7323795,0.6251106231583209,1.2019622590203074,2571.029835787511,2530.09,2518.17,2525.26,6.151720342079793,2505.422889018191,1647358200000,35.27525708355584,SL
ETH/USDT,Set 4,SHORT,1651419000000,2797.3,2796.3209450000004,0.798298072192468,1.6742232147186904,2802.7532987861555,2809.08,2875.01,2883.22,15.755601035125963,2884.229127,1651419900000,-71.90378813442844,TP3
ETH/USDT,Set 4,SHORT,1655452800000,1099.31,1098.9252415,0.09514263938157472,0.07841598596950831,1137.5086462679196,1087.82,1045.0,1773.05,17.637797823370146,1773.6705675,1655453700000,-64.3236150004101,TP3
ETH/USDT,Set 4,SHORT,1662032700000,1580.54,1579.986811,0.7913316603766252,0.9377201898913492,1584.31981069948,1564.08,1516.93,1604.92,6.450058465455301,1605.4817220000002,1662033600000,-21.127781640365406,TP3
ETH/USDT,Set 4,SHORT,1664469900000,1342.95,1342.4799675000002,0.3502777610495743,0.35268065795235404,1350.8860049921407,1332.54,1310.54,1269.27,9.284268353279593,1351.358815093888,1664498700000,-3.4650760609817373,SL
ETH/USDT,Set 4,SHORT,1677713400000,1657.33,1656.7499344999999,0.27137115784760857,0.337195610991911,1667.4458697979871,1648.0,1595.0,1595.0,6.161605600380692,1603.165429112553,1677715200000,14.214999625643214,TRAIL
ETH/USDT,Set 4,SHORT,1707016500000,2305.37,2304.5631205,0.7704071054612022,1.3315888522627806,2309.117765662472,2302.98,2287.0,2251.4,14.400580201805552,2305.631502092263,1707040800000,-2.155294938863662,SL
ETH/USDT,Set 4,SHORT,1711855800000,3534.1,3532.863065,0.18229449881068072,0.48301612635070523,3549.820454348759,3494.88,3492.2,3430.0,6.621946013170833,3507.357290648958,1711862100000,4.170033397514881,SL
ETH/USDT,Set 4,SHORT,1714075200000,3165.84,3164.731956,0.19687714401761944,0.46729754180893085,3180.607852789952,3112.05,3072.2,3018.75,9.96014803858821,3181.721065538429,1714079700000,-3.814573482661265,SL
ETH/USDT,Set 4,SHORT,1719103500000,3510.71,3509.4812515000003,0.9786555704770402,2.5759300321989076,3513.641886388112,3469.96,3500.0,3536.76,8.885064614244397,3537.9978660000006,1719104400000,-30.504804621494205,TP3
ETH/USDT,Set 4,SHORT,1723845600000,2600.98,2600.069657,0.05404581161577146,0.10539215615257913,2648.426024453235,2611.4,2550.04,3251.08,13.701885616165086,3252.2178780000004,1723846500000,-35.37770646380239,TP3
ETH/USDT,Set 4,SHORT,1726181100000,2364.98,2364.152257,0.3204630334474443,0.5682175528573815,2371.8777747951117,2338.5,2333.0,2272.8,13.363730005410748,2372.70793201629,1726182000000,-3.3120514549448785,SL
ETH/USDT,Set 4,SHORT,1734862500000,3389.17,3387.9837905000004,0.15116293789460186,0.38410318748345207,3403.574068554473,3323.01,3101.9,3515.89,8.797514363443526,3517.1205615000003,1734863400000,-19.919437402336804,TP3
ETH/USDT,Set 4,SHORT,1740633300000,2329.12,2328.304808,0.0290765023347819,0.05077422013942195,2397.1531810040187,2338.39,2471.8,2745.41,6.118925998409643,2746.3708935,1740634200000,-12.215790655906655,TP3
ETH/USDT,Set 4,SHORT,1742228100000,1920.46,1919.787839,0.7231327872057481,1.0411961481448275,1923.026622717964,1902.73,2161.14,1903.75,6.510501088860919,1884.8795389461627,1742232600000,24.221072668637063,SL
ETH/USDT,Set 4,SHORT,1743846300000,1820.02,1819.382993,0.26705841710357386,0.36441115666180696,1827.8767820074345,1783.25,1771.11,1767.69,6.660487709915142,1768.3086915000001,1743885900000,13.28564082318378,TP3
ETH/USDT,Set 4,SHORT,1760725800000,3835.62,3834.277533,0.0855830388272169,0.24611184223579835,3861.6891394607924,3976.07,4060.11,4042.29,7.927764562801469,4043.7048015,1760726700000,-18.18297646028792,TP3
ETH/USDT,Set 4,SHORT,1763345700000,3152.01,3150.9067965000004,0.09600940520196861,0.22688751553410405,3173.3542256594696,3069.0,3131.78,3355.58,9.537474127560362,3356.754453,1763346600000,-20.005021061615302,TP3
ETH/USDT,Set 4,SHORT,1767260700000,2985.49,2984.4450785,0.25290868330431815,0.5660940563981156,2992.801714945038,2979.18,2919.44,2936.3,6.727559863829314,2993.8491955452687,1767267000000,-2.9462607031014056,SL
ETH/USDT,Set 4,SHORT,1770904800000,1994.99,1994.2917535000001,0.24031404076284613,0.35944223230770517,2002.5623149036094,1940.49,1957.25,2064.1,9.126667456349233,2064.822435,1770905700000,-17.321667436131765,TP3
ETH/USDT,Set 4,SHORT,1780269300000,2013.91,2013.2051315,0.3532559636215902,0.533382539021972,2018.5709741592857,2004.47,2019.5,2063.0,10.532133052529927,2063.7220500000003,1780270200000,-18.392169314975813,TP3
ETH/USDT,Set 5,LONG,1773739800000,2325.0,2325.8137500000003,0.5678598755238046,0.9905522299249151,2307.3900218504155,2332.99,2361.58,2116.66,11.830792646662951,2115.919169,1773740100000,-120.09186983672646,TP3
ETH/USDT,Set 5,LONG,1776325800000,2348.56,2349.381996,13.460979307506115,23.718736825187563,2347.9063268087243,2325.61,2363.54,2342.76,8.872935401681609,2341.940034,1776326100000,-123.81970124206578,TP3
ETH/USDT,Set 5,LONG,1782947100000,1616.59,1617.1558065,2.463663318987731,2.988095581171553,1613.5210399554437,1618.25,1581.19,1596.25,6.627652268096318,1595.6913125,1782947400000,-55.82972114470705,TP3
ETH/USDT,Set 5,LONG,1784745300000,1926.45,1927.1242575,26.56465643917849,38.39504536207083,1926.1863945928005,1956.45,1939.4,1939.4,49.126458131408185,1948.3481555703513,1784745600000,524.9876610065478,SL
ETH/USDT,Set 5,LONG,1785824700000,1865.36,1866.012876,2.403682345921492,3.363976655477543,1860.262627750035,1866.83,1869.15,1898.5,6.501389024556525,1869.825894698562,1785825600000,5.794435110626724,SL
ETH/USDT,Set 5,LONG,1787590500000,2475.24,2476.106334,6.820808484718172,12.666785319008707,2473.435168788785,2459.33,2466.98,2437.76,20.766484847509084,2436.9067840000002,1787590800000,-279.83887908871384,TP3
ETH/USDT,Set 5,LONG,1787826900000,2507.84,2508.7177440000005,3.088619468098394,5.811355848061713,2504.7603006889335,2495.04,2499.03,2485.6,7.2214842273993165,2484.73004,1787827200000,-79.84467875026817,TP3
ETH/USDT,Set 5,SHORT,1774146600000,2106.0,2105.2629,1.277943381637584,2.0178050922466104,2113.825072803449,2147.79,2187.24,2153.0,6.006333893696644,2153.7535500000004,1774146900000,-64.03258655998047,TP3
ETH/USDT,Set 5,SHORT,1778737500000,2263.97,2263.1776105,6.773315019436467,11.496911175638987,2265.3518453899665,2255.53,2254.83,2273.34,6.7807875381966145,2274.1356690000002,1778737800000,-85.77496018422113,TP3
ETH/USDT,Set 5,SHORT,1779471000000,2128.69,2127.9449585,2.021157934449165,3.2256846277075306,2132.8964622401095,2118.11,2120.1,2167.98,9.340390512807227,2168.738793,1779471300000,-85.73830499069535,TP3
ETH/USDT,Set 5,SHORT,1779863100000,2076.85,2076.1231025,3.166856418421167,4.931087829438444,2079.2639210853335,2073.19,2065.98,2092.26,6.383804381024499,2092.9922910000005,1779863400000,-58.393452427627,TP3
ETH/USDT,Set 5,SHORT,1782679500000,1572.67,1572.1195655000001,0.8892745184823431,1.0485344022050123,1580.60973830536,1556.81,1562.41,1521.54,6.439758847654146,1579.8767722422717,1782684300000,-7.9519944074244435,SL
ETH/USDT,Set 5,SHORT,1783618800000,1751.13,1750.5171045000002,33.72524213763108,44.27745991149551,1751.3369988700397,1734.7,1730.03,1721.93,141.0635719625822,1735.4486703813723,1783620600000,464.29026931613686,SL
ETH/USDT,Set 5,SHORT,1784396400000,1848.76,1848.112934,13.539586680392496,18.767013948785625,1849.6185187998608,1843.62,1810.77,1835.27,15.713109604806814,1850.265885281441,1784396700000,-47.93894699538697,SL
ETH/USDT,Set 5,SHORT,1786854600000,1884.23,1883.5705195,22.000529170150187,31.079661118721024,1884.736560553672,1883.32,1877.01,1880.0,8.350433071302776,1880.6580000000001,1786857600000,33.04536682732217,TP3
ETH/USDT,Set 6,LONG,1785909780000,1872.21,1872.8652735000003,20.304237695585186,28.520326263713375,1871.7174919753243,1877.69,1876.23,1869.15,6.213096734848956,1868.4957975000002,1785909840000,-117.17266641338784,TP3
ETH/USDT,Set 6,LONG,1786007520000,1911.41,1912.0789935000003,79.57621636197787,114.11700876596167,1911.2990588954908,1914.39,1915.33,1914.02,23.525996171977145,1916.6002939585721,1786007640000,245.4011337752179,SL
ETH/USDT,Set 6,LONG,1786044720000,1907.54,1908.2076390000002,16.972809307295222,24.290733281603284,1906.8752729963937,1909.84,1914.01,1920.51,19.511769387487014,1910.3273665214156,1786044840000,11.660014424552042,SL
ETH/USDT,Set 6,LONG,1786200420000,1923.44,1924.1132040000002,6.519334060820277,9.407952560783427,1921.6915261970746,1926.72,1920.9,1909.45,8.001263717301766,1908.7816925000002,1786200480000,-109.28423425274707,TP3
ETH/USDT,Set 6,LONG,1787293560000,2360.03,2360.8560105000006,1.958514485644266,3.4678280213134367,2354.767826781023,2368.78,2365.0,2325.6,6.5429241051650076,2324.78604,1787293620000,-74.05840507253527,TP3
ETH/USDT,Set 6,LONG,1787573820000,2480.92,2481.7883220000003,4.663882415774402,8.681076685987545,2478.869035251777,2494.53,2459.33,2466.98,6.796801364858726,2466.1165570000003,1787573880000,-81.71752744173075,TP3
ETH/USDT,Set 6,LONG,1787805000000,2491.92,2492.7921720000004,28.06564883554975,52.47137228951951,2491.608292146693,2494.73,2510.64,2499.03,22.809819914933176,2494.815001910437,1787805060000,4.2580826053971705,SL
ETH/USDT,Set 6,LONG,1788224040000,2471.47,2472.3350145,5.244682349604241,9.724958859642522,2469.793851972291,2475.96,2445.83,2483.51,7.1831364539200635,2474.313426099579,1788224340000,0.6433994316242071,SL
ETH/USDT,Set 6,SHORT,1785591540000,1868.85,1868.1959024999999,15.495967399350748,21.712127100555485,1869.4953291841862,1868.69,1866.42,1860.95,12.24181424548688,1868.2507164303106,1785592680000,-22.56215902383867,SL
ETH/USDT,Set 6,SHORT,1786402920000,1874.44,1873.783946,4.979504352176178,6.997886485608641,1876.4029219533647,1873.89,1868.0,1912.6,19.44040614278577,1913.26941,1786402980000,-203.76338985118167,TP3
ETH/USDT,Set 6,SHORT,1786705740000,1876.88,1876.2230920000002,6.458995343888598,9.088887161493203,1878.077824754367,1875.88,1869.32,1885.32,7.046105842470485,1885.9798620000001,1786705800000,-72.15508336188594,TP3
ETH/USDT,Set 6,SHORT,1786860960000,1879.96,1879.302014,14.387224029487351,20.27845432086358,1880.447598835137,1879.56,1879.09,1877.01,6.050055470645438,1880.0821578669204,1786862340000,-31.510976987917935,SL
ETH/USDT,Set 6,SHORT,1787448660000,2432.11,2431.2587615,4.745046356004648,8.652326645069964,2433.522016533679,2425.86,2410.82,2421.76,7.329942499351052,2422.6076160000002,1787448840000,32.428547349793504,TP3
ETH/USDT,Set 6,SHORT,1787679240000,2467.6,2466.73634,164.65003120340072,304.61116151367185,2467.642662423626,2474.61,2440.0,2467.1,11.719915501803248,2467.963485,1787679300000,-506.8121611517229,TP3
SOL/USDT,Set 1,LONG,1749945600000,144.64,144.69062399999999,0.7409655674614495,0.08040807773888341,131.14409622371517,163.64,295.83,48.38,7.132534552383912,48.363067,1750032000000,-71.40227946021798,TP3
SOL/USDT,Set 2,LONG,1650859200000,98.05,98.0843175,2.91823572052114,0.2146748692135776,94.62327201854201,110.0,143.51,121.93,6.9687469006044855,94.59015387333552,1650873600000,-10.40382038306003,SL
SOL/USDT,Set 2,LONG,1751716800000,148.18,148.231863,1.5184120425238885,0.16880778439871344,141.6626901269036,148.56,179.41,295.83,22.65505290910021,174.64303219984578,1753905600000,39.90415230775549,SL
SOL/USDT,Set 3,LONG,1611565200000,3.5655,3.5667479250000005,107.56597065587519,0.2877455269780903,3.472533795734601,3.6174,3.7413,2.2279,14.388024234929867,2.227120235,1611568800000,-144.27802455472175,TP3
SOL/USDT,Set 3,LONG,1629864000000,70.663,70.68773205000001,27.24370096760654,1.444346575536373,70.3489009807578,73.558,79.45,38.1,103.67112918264681,38.086665,1629867600000,-888.9519382191759,TP3
SOL/USDT,Set 3,SHORT,1664236800000,33.88,33.868142000000006,252.55561567463803,6.415192090924552,33.919595239144805,32.69,31.2,31.82,52.0264568289755,31.61770158906366,1664240400000,562.3724424548319,SL
SOL/USDT,Set 3,SHORT,1728655200000,143.62,143.569733,56.46693914707391,6.080207532504487,143.89668799939474,135.52,141.06,141.12,9.035447888845232,143.94705184019455,1728658800000,-27.40222705080494,SL
SOL/USDT,Set 3,SHORT,1770408000000,87.09,87.05951850000001,2.9991878892426387,0.19583089014637162,92.20795283286384,114.34,123.12,119.24,6.281808576576882,119.281734,1770411600000,-96.9087897411819,TP3
SOL/USDT,Set 3,SHORT,1784358000000,74.98,74.95375700000001,9.449549938305807,0.531209452376354,76.50183060045363,74.87,74.1,64.04,7.188710751866214,74.3161211570149,1784430000000,5.498681317170675,SL
SOL/USDT,Set 4,LONG,1612101600000,4.4848,4.48636968,83.31053413724092,0.280321390783442,4.364767160172967,3.845,4.0772,3.7413,6.194138213103863,3.739990545,1612102500000,-62.414929863221,TP3
SOL/USDT,Set 4,LONG,1615246200000,13.5787,13.583452545,41.998956248716176,0.42786812185797557,13.355459911702463,13.6425,13.39,9.38,18.808001878246543,9.376717000000001,1615247100000,-176.97386134965384,TP3
SOL/USDT,Set 4,LONG,1616197500000,14.1041,14.109036435000002,84.94832838979212,0.8989042952579416,14.014561898049719,14.228,14.75,15.0457,10.516193435983736,14.34855746881885,1616282100000,19.432746958270236,SL
SOL/USDT,Set 4,LONG,1630538100000,112.3,112.33930500000001,2.546047525007249,0.21451590709221338,109.23625532090892,115.4,94.4,79.45,10.722172844293823,79.42219250000001,1630539000000,-83.96019231849414,TP3
SOL/USDT,Set 4,LONG,1636245000000,253.61,253.69876350000004,1.2416105002932138,0.23624628650475363,248.00370266873134,247.93,244.3,218.93,6.185900952233672,218.85337450000003,1636245900000,-43.46819885505452,TP3
SOL/USDT,Set 4,LONG,1660394700000,46.54,46.556289,29.592842495666524,1.033299695669799,46.31946844252376,47.87,43.8,45.21,6.030882905015887,45.194176500000005,1660395600000,-41.31184878404281,TP3
SOL/USDT,Set 4,LONG,1662877800000,34.43,34.4420505,74.03113730528362,1.9123381272307594,34.34742613472667,34.94,35.17,33.9,6.418495709818357,33.888135,1662878700000,-42.888577317428734,TP3
SOL/USDT,Set 4,LONG,1670034600000,13.63,13.634770500000002,51.03558539081817,0.521893870602719,13.518623764356265,13.74,13.95,14.44,7.272646586754684,13.513892246038742,1670049000000,-6.686359503196673,SL
SOL/USDT,Set 4,SHORT,1625162400000,34.062,34.050078299999996,13.05511737830954,0.33339582671034784,34.8279831551277,33.582,31.555,28.3,7.522358633381952,31.92963442050894,1625256000000,27.37000989696909,SL
SOL/USDT,Set 4,SHORT,1637955000000,197.31,197.24094150000002,4.818080205382017,0.712742006949047,199.4423223485349,182.7,201.93,210.53,6.199813085992065,210.6036855,1637955900000,-65.14380144220333,TP3
SOL/USDT,Set 4,SHORT,1642467600000,141.3,141.25054500000002,20.37200815597654,2.1581679410820986,141.77232761791944,142.0,147.13,138.22,6.520897536263447,141.82194793258572,1642468500000,-13.8075236129691,SL
SOL/USDT,Set 4,SHORT,1652246100000,67.38,67.356417,3.7351400263620587,0.18868923687677536,69.91917839263856,65.01,68.44,84.66,6.805350915909325,84.689631,1652247000000,-64.9792271198237,TP3
SOL/USDT,Set 4,SHORT,1666431000000,27.76,27.750284000000004,22.077072909052475,0.45948378233618437,28.160161498474615,27.72,27.87,31.2,8.596529184124481,31.21092,1666431900000,-76.91749760099061,TP3
