asset,set,status,param,atr,tgt,dev_n,dev_exp,val_n,val_exp,oos_n,oos_exp,skip
BTC/USDT,SET_1,MEASURED,V2_SUPER,2.5,2.5,36,0.56,14,0.403,9,-0.2322,0
BTC/USDT,SET_2,MEASURED,V2_BREAK50,2.5,3.0,85,0.5352,33,0.1769,35,0.203,0
BTC/USDT,SET_3,MEASURED,V2_SUPER,3.0,3.0,730,0.1252,277,0.0264,284,-0.1106,0
BTC/USDT,SET_4,MEASURED,V2_BREAK50,3.0,3.0,1280,0.0006,460,-0.039,518,-0.1576,0
BTC/USDT,SET_5,MEASURED,V2_BREAK20,3.0,2.5,295,-0.2653,104,-0.3578,99,-0.276,48
BTC/USDT,SET_6,NO_DEV_CANDIDATE,,,,,0.0,,0.0,,0.0,64
ETH/USDT,SET_1,MEASURED,V2_TREND,2.5,3.0,30,0.6563,17,0.2331,12,0.4163,0
ETH/USDT,SET_2,MEASURED,V2_BREAK50,2.0,3.0,99,0.5419,38,0.0312,38,-0.0216,0
ETH/USDT,SET_3,MEASURED,V2_BREAK50,2.5,3.0,368,0.1982,135,0.0702,142,0.0543,0
ETH/USDT,SET_4,MEASURED,V2_BREAK50,3.0,2.5,1348,0.0855,496,-0.1241,495,-0.1133,0
ETH/USDT,SET_5,MEASURED,V2_BREAK50,3.0,1.5,269,-0.2158,92,-0.3688,93,-0.3654,32
ETH/USDT,SET_6,NO_DEV_CANDIDATE,,,,,0.0,,0.0,,0.0,64
SOL/USDT,SET_1,MEASURED,V2_SUPER,2.0,3.0,34,0.4841,9,-0.5639,9,-0.3276,0
SOL/USDT,SET_2,MEASURED,V2_BREAK20,3.0,3.0,62,0.7104,24,-0.1108,20,0.3458,0
SOL/USDT,SET_3,MEASURED,V2_BREAK20,2.5,3.0,330,0.1405,112,0.0562,119,0.0502,0
SOL/USDT,SET_4,MEASURED,V2_BREAK20,3.0,1.5,438,0.0422,152,-0.0395,137,-0.0942,0
SOL/USDT,SET_5,MEASURED,V2_SUPER,3.0,2.0,435,-0.2361,144,-0.3037,151,-0.1488,16
SOL/USDT,SET_6,NO_DEV_CANDIDATE,,,,,0.0,,0.0,,0.0,64
BNB/USDT,SET_1,MEASURED,V2_SUPER,3.0,3.0,34,0.6725,13,0.6865,8,0.1907,0
BNB/USDT,SET_2,MEASURED,V2_BREAK20,1.5,3.0,125,0.5917,50,0.1985,42,0.2682,0
BNB/USDT,SET_3,MEASURED,V2_BREAK50,3.0,3.0,222,0.1476,85,-0.1014,87,-0.0014,0
BNB/USDT,SET_4,MEASURED,V2_SUPER,3.0,3.0,418,-0.1171,136,-0.0696,139,-0.1933,0
BNB/USDT,SET_5,NO_DEV_CANDIDATE,,,,,0.0,,0.0,,0.0,64
BNB/USDT,SET_6,NO_DEV_CANDIDATE,,,,,0.0,,0.0,,0.0,64
XRP/USDT,SET_1,MEASURED,V2_TREND,1.5,3.0,30,-0.1947,24,-0.2095,19,-0.3718,0
XRP/USDT,SET_2,MEASURED,V2_BREAK50,3.0,3.0,55,0.2898,24,0.0606,20,0.5116,0
XRP/USDT,SET_3,MEASURED,V2_SUPER,3.0,3.0,469,-0.0586,156,0.1325,169,-0.1376,0
XRP/USDT,SET_4,MEASURED,V2_BREAK20,2.5,2.5,283,0.0399,86,-0.0894,94,-0.1584,0
XRP/USDT,SET_5,MEASURED,V2_TREND,3.0,3.0,97,-0.0566,31,-0.4599,38,-0.2606,0
XRP/USDT,SET_6,NO_DEV_CANDIDATE,,,,,0.0,,0.0,,0.0,64
ADA/USDT,SET_1,MEASURED,V2_TREND,1.5,3.0,32,0.1913,15,-0.5663,6,-0.0191,0
ADA/USDT,SET_2,MEASURED,V2_BREAK50,2.5,3.0,76,0.3788,28,0.5006,23,0.3842,0
ADA/USDT,SET_3,MEASURED,V2_BREAK20,2.5,2.0,289,0.1621,113,0.1953,117,0.0234,0
ADA/USDT,SET_4,MEASURED,V2_BREAK50,2.5,3.0,238,-0.062,76,-0.0607,71,-0.0999,0
ADA/USDT,SET_5,MEASURED,V2_BREAK50,3.0,2.5,49,-0.0798,20,-0.506,11,-0.2455,0
ADA/USDT,SET_6,NO_DEV_CANDIDATE,,,,,0.0,,0.0,,0.0,64
DOGE/USDT,SET_1,MEASURED,V2_TREND,2.0,1.5,31,0.1773,20,0.4162,9,-0.5467,0
DOGE/USDT,SET_2,MEASURED,V2_BREAK20,3.0,3.0,58,0.4308,30,0.0895,26,-0.0354,0
DOGE/USDT,SET_3,MEASURED,V2_BREAK20,2.5,2.5,254,0.1198,103,0.2743,108,-0.1261,0
DOGE/USDT,SET_4,MEASURED,V2_BREAK20,3.0,3.0,265,0.0062,88,-0.2552,78,-0.1647,0
DOGE/USDT,SET_5,MEASURED,V2_BREAK20,2.5,1.5,69,-0.1061,20,-0.325,19,-0.2118,16
DOGE/USDT,SET_6,NO_DEV_CANDIDATE,,,,,0.0,,0.0,,0.0,64
AVAX/USDT,SET_1,MEASURED,V2_TREND,2.0,3.0,30,0.1809,5,0.1091,5,-0.1365,0
AVAX/USDT,SET_2,MEASURED,V2_BREAK50,2.5,3.0,59,0.4698,23,-0.3981,18,0.0647,0
AVAX/USDT,SET_3,MEASURED,V2_BREAK20,2.5,3.0,293,0.1424,110,-0.0824,98,-0.0312,0
AVAX/USDT,SET_4,MEASURED,V2_SUPER,2.5,3.0,460,0.0112,149,-0.1568,151,-0.2653,0
AVAX/USDT,SET_5,MEASURED,V2_TREND,3.0,2.0,112,-0.1687,38,-0.3657,32,-0.4864,16
AVAX/USDT,SET_6,NO_DEV_CANDIDATE,,,,,0.0,,0.0,,0.0,64
LINK/USDT,SET_1,MEASURED,V2_TREND,2.0,2.0,39,0.3344,15,-0.0046,7,-0.0151,0
LINK/USDT,SET_2,MEASURED,V2_BREAK20,2.5,2.5,73,0.2113,38,0.1145,30,0.5265,0
LINK/USDT,SET_3,MEASURED,V2_BREAK20,2.0,3.0,304,0.0852,119,-0.0765,109,-0.0283,0
LINK/USDT,SET_4,MEASURED,V2_BREAK50,3.0,3.0,225,-0.0333,62,-0.0721,68,-0.08,0
LINK/USDT,SET_5,MEASURED,V2_BREAK20,2.5,1.5,64,-0.1045,27,-0.3649,24,-0.0773,0
LINK/USDT,SET_6,NO_DEV_CANDIDATE,,,,,0.0,,0.0,,0.0,64
LTC/USDT,SET_1,MEASURED,V2_SUPER,1.5,1.5,30,0.0431,13,-0.6603,15,-0.5657,0
LTC/USDT,SET_2,MEASURED,V2_BREAK50,2.0,2.5,87,0.2536,33,-0.3476,26,-0.0318,0
LTC/USDT,SET_3,MEASURED,V2_SUPER,3.0,3.0,482,0.0007,175,-0.0762,171,-0.1416,0
LTC/USDT,SET_4,MEASURED,V2_BREAK50,3.0,1.5,254,-0.1636,85,-0.2352,87,-0.2887,0
LTC/USDT,SET_5,MEASURED,V2_SUPER,3.0,3.0,95,-0.1747,34,-0.2583,26,-0.2256,16
LTC/USDT,SET_6,NO_DEV_CANDIDATE,,,,,0.0,,0.0,,0.0,64
